Atelier,INB,PROJET,Zonage ,ANNEE DE FIN,Caractérisation numérateur,Caractérisation dénominateur,Assainissement numérateur,Assainissement dénominateur,Démantèlement numérateur,Démantèlement dénominateur,Déclassement radiologique numérateur,Déclassement radiologique dénominateur,Date de l'actualisation,Evolutions sur la période
MAU,33,DEM,4,2036,55,57,11,11,37,57,3,57,01/03/2025,Est hominum erunt quam diligatur nulla nec in fiducia amicitiae quando fides ergo homines habent.
MAPu,33,DEM,4,2036,84,84,11,11,82,96,0,96,01/03/2025,Ad sunt Montium praefecti avidi saepe traxere turbarum levi atque militares innexis militares proximo post.
MAPu,33,DEM,3,2036,10,10,8,10,2,10,0,10,01/03/2025,Ad sunt Montium praefecti avidi saepe traxere turbarum levi atque militares innexis militares proximo post.
MAPu,33,DEM,Etages supérieurs,2036,20,20,20,20,15,20,10,20,01/03/2025,Ad sunt Montium praefecti avidi saepe traxere turbarum levi atque militares innexis militares proximo post.
HADE,33,DEM,4,2048,73,90,32,67,20,134,0,134,01/03/2025,Excipere conscripti rursum reducit viderem pristinus subire reducit facitis viderem subire dimicatione me intenta gratiam.
HAPF,33,DEM,4,2043,58,119,4,100,4,119,0,119,01/03/2025,Ut exspectemus Plurimum audeamus libere causa vero honesta ut etiam adhibitae adhibitae si eaque res.
DEG,33,DEM,4,2047,49,52,1,99,14,120,0,120,01/03/2025,Hanc vellet ad etiam attendere tribuo nisi acriter fuisse liceret cum cui nec si excusationem.
HAO NORD,80,DEM,4,2046,16,23,0,20,0,20,0,20,01/03/2025,Est hominum erunt quam diligatur nulla nec in fiducia amicitiae quando fides ergo homines habent.
HAO SILO,80,DEM,4,2046,1,2,1,1,0,2,0,2,01/03/2025,Ad sunt Montium praefecti avidi saepe traxere turbarum levi atque militares innexis militares proximo post.
HAO SUD,80,DEM,4,2046,9,10,3,4,3,11,0,11,01/03/2025,Turpi Eusebius quicquam obiecta vero temptata confessione erant mortisque nec nec penitus turpi Epigonus expers.
HAO NV FILT,80,DEM,4,2031,7,7,6,6,7,7,0,7,01/03/2025,Excipere conscripti rursum reducit viderem pristinus subire reducit facitis viderem subire dimicatione me intenta gratiam.
HAO SILO,80,RCD,3,2041,58,119,4,100,4,119,0,119,01/03/2025,Ut exspectemus Plurimum audeamus libere causa vero honesta ut etiam adhibitae adhibitae si eaque res.
DFG,33,RCD,4,2038,58,119,4,100,4,119,0,119,01/03/2025,Hanc vellet ad etiam attendere tribuo nisi acriter fuisse liceret cum cui nec si excusationem.
STE2,38,DEM,4,2047,63,68,1,53,1,72,0,72,01/03/2025,Turpi Eusebius quicquam obiecta vero temptata confessione erant mortisque nec nec penitus turpi Epigonus expers.
SILO 130,38,RCD,4,2037,10,10,8,10,2,10,0,10,01/03/2025,Ad sunt Montium praefecti avidi saepe traxere turbarum levi atque militares innexis militares proximo post.
SILO 115,38,RCD,4,2042,63,68,1,53,1,72,0,72,01/03/2025,Comitatem liberior comitatem proclivior et facilitatemque esse remissior debet dulcior et illa condimentum habet re.
ELAN IIB,47,DEM,4,2035,6,6,4,4,6,6,0,6,01/03/2025,Ubi promiscuae promiscuae municipium et consueta Septembris prope municipium fortunae Seres brevi marique Euphrate sollemnitate.
RCB,38,RCD,4,2041,58,119,4,100,4,119,0,119,01/03/2025,Editos aguntur dubium maerore comitem alia atque sextum Magnentianae dubium excarnificatum deferebatur gravius maerore falsum.